{
  "Features": {
    "Admins": {
      "CreateAdmin": {
        "ValidationMessages": {
          "FirstName": {
            "NotNull": "Lütfen ad alanını boş bırakmayınız",
            "MinimumLength": "Lütfen ad alanı için minimum 3 karakter giriniz",
            "MaximumLength": "Lütfen ad alanı için maksimum 50 karakter giriniz",
            "NotUseNumbers": "Lütfen ad alanı için rakam kullanmayınız"
          },
          "LastName": {
            "NotNull": "Lütfen soyad alanını boş bırakmayınız",
            "MinimumLength": "Lütfen soyad alanı için minimum 3 karakter giriniz",
            "MaximumLength": "Lütfen soyad alanı için maksimum 50 karakter giriniz",
            "NotUseNumbers": "Lütfen soyad alanı için rakam kullanmayınız"
          },
          "UserName": {
            "NotNull": "Lütfen kullanıcı adı alanını boş bırakmayınız",
            "MinimumLength": "Lütfen kullanıcı adı alanı için minimum 3 karakter giriniz",
            "MaximumLength": "Lütfen kullanıcı adı alanı için maksimum 100 karakter giriniz",
            "NotUseSpaces": "Lütfen kullanıcı adı alanında boşluk karakteri kullanmayınız",
            "NotUseTurkishCharacters": "Lütfen kullanıcı adı alanında türkçe karakter kullanmayınız",
            "NotUseUpperLetters": "Lütfen kullanıcı adı alanında büyük harf kullanmayınız",
            "NotUseNumbers": "Lütfen kullanıcı adı alanı için rakam kullanmayınız",
            "NotUnique": "Lütfen benzersiz bir kullanıcı adı giriniz"
          },
          "Email": {
            "NotNull": "Lütfen e-posta alanını boş bırakmayınız",
            "MaximumLength": "Lütfen geçerli bir e-posta giriniz",
            "NotValid": "Lütfen e-posta alanı için maksimum 150 karakter giriniz",
            "NotUnique": "Lütfen benzersiz bir e-posta adresi giriniz"
          },
          "PhoneNumber": {
            "NotNull": "Lütfen telefon numarası alanını boş bırakmayınız",
            "NotValid": "Lütfen geçerli bir telefon numarası giriniz",
            "NotUseLetters": "Lütfen telefon numarası alanı için harf kullanmayınız"
          },
          "Password": {
            "NotNull": "Lütfen şifre alanını boş bırakmayınız",
            "MinimumLength": "Lütfen şifre alanı için minimum 1 karakter giriniz",
            "MaximumLength": "Lütfen şifre alanı için maksimum 5 karakter giriniz"
          }
        },
        "Others": {
          "CouldNotCreated": "Yönetici kullanıcı oluşturulamadı",
          "RoleCouldNotAdded": "Yönetici rol kullanıcıya eklenemedi",
          "SuccessfullyCreated": "Yönetici kullanıcı başarılı bir şekilde oluşturuldu"
        }
      },
      "GetAdminById": {
        "Others": {
          "CouldNotFound": "Yönetici kullanıcı bulunamadı"
        }
      },
      "GetAdminProfileById": {
        "Others": {
          "CouldNotFound": "Yönetici kullanıcı bulunamadı",
          "ProfilePhotoCouldNotFound": "Yönetici profil fotoğrafı bulunamadı"
        }
      },
      "UpdateAdmin": {
        "ValidationMessages": {
          "FirstName": {
            "NotNull": "Lütfen ad alanını boş bırakmayınız",
            "MinimumLength": "Lütfen ad alanı için minimum 3 karakter giriniz",
            "MaximumLength": "Lütfen ad alanı için maksimum 50 karakter giriniz",
            "NotUseNumbers": "Lütfen ad alanı için rakam kullanmayınız"
          },
          "LastName": {
            "NotNull": "Lütfen soyad alanını boş bırakmayınız",
            "MinimumLength": "Lütfen soyad alanı için minimum 3 karakter giriniz",
            "MaximumLength": "Lütfen soyad alanı için maksimum 50 karakter giriniz",
            "NotUseNumbers": "Lütfen soyad alanı için rakam kullanmayınız"
          },
          "UserName": {
            "NotNull": "Lütfen kullanıcı adı alanını boş bırakmayınız",
            "MinimumLength": "Lütfen kullanıcı adı alanı için minimum 3 karakter giriniz",
            "MaximumLength": "Lütfen kullanıcı adı alanı için maksimum 100 karakter giriniz",
            "NotUseSpaces": "Lütfen kullanıcı adı alanında boşluk karakteri kullanmayınız",
            "NotUseTurkishCharacters": "Lütfen kullanıcı adı alanında türkçe karakter kullanmayınız",
            "NotUseUpperLetters": "Lütfen kullanıcı adı alanında büyük harf kullanmayınız",
            "NotUseNumbers": "Lütfen kullanıcı adı alanı için rakam kullanmayınız",
            "NotUnique": "Lütfen benzersiz bir kullanıcı adı giriniz"
          },
          "Email": {
            "NotNull": "Lütfen e-posta alanını boş bırakmayınız",
            "MaximumLength": "Lütfen geçerli bir e-posta giriniz",
            "NotValid": "Lütfen e-posta alanı için maksimum 150 karakter giriniz",
            "NotUnique": "Lütfen benzersiz bir e-posta adresi giriniz"
          },
          "PhoneNumber": {
            "NotNull": "Lütfen telefon numarası alanını boş bırakmayınız",
            "NotValid": "Lütfen geçerli bir telefon numarası giriniz",
            "NotUseLetters": "Lütfen telefon numarası alanı için harf kullanmayınız"
          }
        },
        "Others": {
          "CouldNotFound": "Yönetici kullanıcı bulunamadı",
          "CouldNotUpdated": "Yönetici kullanıcı güncellenemedi",
          "SuccessfullyUpdated": "Yönetici kullanıcı başarılı bir şekilde güncellendi"
        }
      },
      "UpdateAdminProfileById": {
        "ValidationMessages": {
          "FirstName": {
            "NotNull": "Lütfen ad alanını boş bırakmayınız",
            "MinimumLength": "Lütfen ad alanı için minimum 3 karakter giriniz",
            "MaximumLength": "Lütfen ad alanı için maksimum 50 karakter giriniz",
            "NotUseNumbers": "Lütfen ad alanı için rakam kullanmayınız"
          },
          "LastName": {
            "NotNull": "Lütfen soyad alanını boş bırakmayınız",
            "MinimumLength": "Lütfen soyad alanı için minimum 3 karakter giriniz",
            "MaximumLength": "Lütfen soyad alanı için maksimum 50 karakter giriniz",
            "NotUseNumbers": "Lütfen soyad alanı için rakam kullanmayınız"
          },
          "PhoneNumber": {
            "NotNull": "Lütfen telefon numarası alanını boş bırakmayınız",
            "NotValid": "Lütfen geçerli bir telefon numarası giriniz",
            "NotUseLetters": "Lütfen telefon numarası alanı için harf kullanmayınız"
          }
        },
        "Others": {
          "CouldNotFound": "Yönetici kullanıcı bulunamadı",
          "CouldNotUpdated": "Yönetici Kullanıcı güncellenemedi",
          "SuccessfullyUpdated": "Yönetici kullanıcı başarılı bir şekilde güncellendi"
        }
      }
    },
    "Appointments": {
      "CancelAppointment": {
        "Others": {
          "CouldNotFound": "Randevu bulunamadı",
          "CouldNotCanceled": "Randevu iptal edilemedi",
          "SuccessfullyCancelled": "Randevu başarılı bir şekilde iptal edildi"
        }
      },
      "CreateAppointment": {
        "ValidationMessages": {
          "StartDate": {
            "NotNull": "Lütfen başlangıç tarihi alanını boş bırakmayınız",
            "IsValidDate": "Başlangıç tarihi geçerli değil"
          },
          "EndDate": {
            "NotNull": "Lütfen bitiş tarihi alanını boş bırakmayınız",
            "IsValidDate": "Bitiş tarihi geçerli değil"
          },
          "PatientId": {
            "GreaterThanZero": "Hasta id değeri 0'dan büyük olmalıdır"
          },
          "DoctorId": {
            "GreaterThanZero": "Doktor id değeri 0'dan büyük olmalıdır"
          },
          "Composite": {
            "IsAvailable": "Bu tarihte alınmış başka bir randevu bulunmaktadır"
          }
        },
        "Others": {
          "SuccessfullyCreated": "Randevu başarılı bir şekilde oluşturuldu"
        }
      },
      "UpdateAppointment": {
        "ValidationMessages": {
          "Id": {
            "GreaterThanZero": "Id değeri 0'dan büyük olmalıdır"
          },
          "StartDate": {
            "NotNull": "Lütfen başlangıç tarihi alanını boş bırakmayınız",
            "IsValidDate": "Başlangıç tarihi geçerli değil"
          },
          "EndDate": {
            "NotNull": "Lütfen bitiş tarihi alanını boş bırakmayınız",
            "IsValidDate": "Bitiş tarihi geçerli değil"
          },
          "Status": {
            "GreaterThanZero": "Randevu durumu değeri 0'dan büyük olmalıdır",
            "IsValidStatus": "Randevu durumu geçerli değil"
          },
          "Composite": {
            "IsAvailable": "Bu tarihte alınmış başka bir randevu bulunmaktadır"
          }
        },
        "Others": {
          "CouldNotFound": "Randevu bulunamadı",
          "SuccessfullyUpdated": "Randevu başarılı bir şekilde güncellendi"
        }
      },
      "UpdateAppointmentStatus": {
        "Others": {
          "CouldNotFound": "Randevu bulunamadı",
          "SuccessfullyUpdated": "Randevu durumu başarılı bir şekilde güncellendi"
        }
      }
    },
    "Auth": {
      "Login": {
        "ValidationMessages": {
          "UserName": {
            "NotNull": "Lütfen kullanıcı adı alanını boş bırakmayınız",
            "MinimumLength": "Lütfen kullanıcı adı alanı için minimum 3 karakter giriniz",
            "MaximumLength": "Lütfen kullanıcı adı alanı için maksimum 100 karakter giriniz",
            "NotUseSpaces": "Lütfen kullanıcı adı alanında boşluk karakteri kullanmayınız",
            "NotUseTurkishCharacters": "Lütfen kullanıcı adı alanında türkçe karakter kullanmayınız",
            "NotUseUpperLetters": "Lütfen kullanıcı adı alanında büyük harf kullanmayınız",
            "NotUseNumbers": "Lütfen kullanıcı adı alanı için rakam kullanmayınız"
          },
          "Password": {
            "NotNull": "Lütfen şifre alanını boş bırakmayınız",
            "MinimumLength": "Lütfen şifre alanı için minimum 1 karakter giriniz",
            "MaximumLength": "Lütfen şifre alanı için maksimum 5 karakter giriniz"
          }
        },
        "Others": {
          "CouldNotFound": "Kullanıcı bulunamadı",
          "WrongPassword": "Şifre hatalı"
        }
      }
    },
    "Doctors": {
      "CreateDoctor": {
        "ValidationMessages": {
          "FirstName": {
            "NotNull": "Lütfen ad alanını boş bırakmayınız",
            "MinimumLength": "Lütfen ad alanı için minimum 3 karakter giriniz",
            "MaximumLength": "Lütfen ad alanı için maksimum 50 karakter giriniz",
            "NotUseNumbers": "Lütfen ad alanı için rakam kullanmayınız"
          },
          "LastName": {
            "NotNull": "Lütfen soyad alanını boş bırakmayınız",
            "MinimumLength": "Lütfen soyad alanı için minimum 3 karakter giriniz",
            "MaximumLength": "Lütfen soyad alanı için maksimum 50 karakter giriniz",
            "NotUseNumbers": "Lütfen soyad alanı için rakam kullanmayınız"
          },
          "UserName": {
            "NotNull": "Lütfen kullanıcı adı alanını boş bırakmayınız",
            "MinimumLength": "Lütfen kullanıcı adı alanı için minimum 3 karakter giriniz",
            "MaximumLength": "Lütfen kullanıcı adı alanı için maksimum 100 karakter giriniz",
            "NotUseSpaces": "Lütfen kullanıcı adı alanında boşluk karakteri kullanmayınız",
            "NotUseTurkishCharacters": "Lütfen kullanıcı adı alanında türkçe karakter kullanmayınız",
            "NotUseUpperLetters": "Lütfen kullanıcı adı alanında büyük harf kullanmayınız",
            "NotUseNumbers": "Lütfen kullanıcı adı alanı için rakam kullanmayınız",
            "NotUnique": "Lütfen benzersiz bir kullanıcı adı giriniz"
          },
          "Email": {
            "NotNull": "Lütfen e-posta alanını boş bırakmayınız",
            "MaximumLength": "Lütfen geçerli bir e-posta giriniz",
            "NotValid": "Lütfen e-posta alanı için maksimum 150 karakter giriniz",
            "NotUnique": "Lütfen benzersiz bir e-posta adresi giriniz"
          },
          "PhoneNumber": {
            "NotNull": "Lütfen telefon numarası alanını boş bırakmayınız",
            "NotValid": "Lütfen geçerli bir telefon numarası giriniz",
            "NotUseLetters": "Lütfen telefon numarası alanı için harf kullanmayınız"
          },
          "Password": {
            "NotNull": "Lütfen şifre alanını boş bırakmayınız",
            "MinimumLength": "Lütfen şifre alanı için minimum 1 karakter giriniz",
            "MaximumLength": "Lütfen şifre alanı için maksimum 5 karakter giriniz"
          },
          "DepartmentId": {
            "GreaterThanZero": "Poliklinik id değeri 0'dan büyük olmalıdır"
          }
        },
        "Others": {
          "CouldNotCreated": "Doktor kullanıcısı oluşturulamadı",
          "CouldNotFound": "Doktor kullanıcı bulunamadı",
          "RoleCouldNotAdded": "Rol kullanıcıya eklenemedi",
          "SuccessfullyCreated": "Doktor başarılı bir şekilde oluşturuldu"
        }
      },
      "GetDoctorById": {
        "Others": {
          "CouldNotFound": "Doktor kullanıcısı bulunamadı"
        }
      },
      "GetDoctorProfileById": {
        "Others": {
          "CouldNotFound": "Doktor kullanıcı bulunamadı",
          "ProfilePhotoCouldNotFound": "Doktor profil fotoğrafı bulunamadı"
        }
      },
      "UpdateDoctor": {
        "ValidationMessages": {
          "FirstName": {
            "NotNull": "Lütfen ad alanını boş bırakmayınız",
            "MinimumLength": "Lütfen ad alanı için minimum 3 karakter giriniz",
            "MaximumLength": "Lütfen ad alanı için maksimum 50 karakter giriniz",
            "NotUseNumbers": "Lütfen ad alanı için rakam kullanmayınız"
          },
          "LastName": {
            "NotNull": "Lütfen soyad alanını boş bırakmayınız",
            "MinimumLength": "Lütfen soyad alanı için minimum 3 karakter giriniz",
            "MaximumLength": "Lütfen soyad alanı için maksimum 50 karakter giriniz",
            "NotUseNumbers": "Lütfen soyad alanı için rakam kullanmayınız"
          },
          "UserName": {
            "NotNull": "Lütfen kullanıcı adı alanını boş bırakmayınız",
            "MinimumLength": "Lütfen kullanıcı adı alanı için minimum 3 karakter giriniz",
            "MaximumLength": "Lütfen kullanıcı adı alanı için maksimum 100 karakter giriniz",
            "NotUseSpaces": "Lütfen kullanıcı adı alanında boşluk karakteri kullanmayınız",
            "NotUseTurkishCharacters": "Lütfen kullanıcı adı alanında türkçe karakter kullanmayınız",
            "NotUseUpperLetters": "Lütfen kullanıcı adı alanında büyük harf kullanmayınız",
            "NotUseNumbers": "Lütfen kullanıcı adı alanı için rakam kullanmayınız",
            "NotUnique": "Lütfen benzersiz bir kullanıcı adı giriniz"
          },
          "Email": {
            "NotNull": "Lütfen e-posta alanını boş bırakmayınız",
            "MaximumLength": "Lütfen geçerli bir e-posta giriniz",
            "NotValid": "Lütfen e-posta alanı için maksimum 150 karakter giriniz",
            "NotUnique": "Lütfen benzersiz bir e-posta adresi giriniz"
          },
          "PhoneNumber": {
            "NotNull": "Lütfen telefon numarası alanını boş bırakmayınız",
            "NotValid": "Lütfen geçerli bir telefon numarası giriniz",
            "NotUseLetters": "Lütfen telefon numarası alanı için harf kullanmayınız"
          },
          "DepartmentId": {
            "GreaterThanZero": "Poliklinik id değeri 0'dan büyük olmalıdır"
          }
        },
        "Others": {
          "UserCouldNotFound": "Kullanıcı bulunamadı",
          "CouldNotUpdated": "Doktor kullanıcı güncellenemedi",
          "DoctorCouldNotFound": "Doktor kullanıcısı bulunamadı",
          "SuccessfullyUpdated": "Doktor başarılı bir şekilde güncellendi"
        }
      },
      "UpdateDoctorProfileById": {
        "ValidationMessages": {
          "FirstName": {
            "NotNull": "Lütfen ad alanını boş bırakmayınız",
            "MinimumLength": "Lütfen ad alanı için minimum 3 karakter giriniz",
            "MaximumLength": "Lütfen ad alanı için maksimum 50 karakter giriniz",
            "NotUseNumbers": "Lütfen ad alanı için rakam kullanmayınız"
          },
          "LastName": {
            "NotNull": "Lütfen soyad alanını boş bırakmayınız",
            "MinimumLength": "Lütfen soyad alanı için minimum 3 karakter giriniz",
            "MaximumLength": "Lütfen soyad alanı için maksimum 50 karakter giriniz",
            "NotUseNumbers": "Lütfen soyad alanı için rakam kullanmayınız"
          },
          "UserName": {
            "NotNull": "Lütfen kullanıcı adı alanını boş bırakmayınız",
            "MinimumLength": "Lütfen kullanıcı adı alanı için minimum 3 karakter giriniz",
            "MaximumLength": "Lütfen kullanıcı adı alanı için maksimum 100 karakter giriniz",
            "NotUseSpaces": "Lütfen kullanıcı adı alanında boşluk karakteri kullanmayınız",
            "NotUseTurkishCharacters": "Lütfen kullanıcı adı alanında türkçe karakter kullanmayınız",
            "NotUseUpperLetters": "Lütfen kullanıcı adı alanında büyük harf kullanmayınız",
            "NotUseNumbers": "Lütfen kullanıcı adı alanı için rakam kullanmayınız",
            "NotUnique": "Lütfen benzersiz bir kullanıcı adı giriniz"
          },
          "Email": {
            "NotNull": "Lütfen e-posta alanını boş bırakmayınız",
            "MaximumLength": "Lütfen geçerli bir e-posta giriniz",
            "NotValid": "Lütfen e-posta alanı için maksimum 150 karakter giriniz",
            "NotUnique": "Lütfen benzersiz bir e-posta adresi giriniz"
          },
          "PhoneNumber": {
            "NotNull": "Lütfen telefon numarası alanını boş bırakmayınız",
            "NotValid": "Lütfen geçerli bir telefon numarası giriniz",
            "NotUseLetters": "Lütfen telefon numarası alanı için harf kullanmayınız"
          },
          "DepartmentId": {
            "GreaterThanZero": "Poliklinik id değeri 0'dan büyük olmalıdır"
          }
        },
        "Others": {
          "CouldNotFound": "Doktor kullanıcı bulunamadı",
          "SuccessfullyUpdated": "Doktor başarılı bir şekilde güncellendi"
        }
      }
    },
    "Patients": {
      "CreatePatient": {
        "ValidationMessages": {
          "FirstName": {
            "NotNull": "Please fill the firstname",
            "MinimumLength": "Please enter minimum 3 character for firstname",
            "MaximumLength": "Please enter maximum 50 character for firstname",
            "NotUseNumbers": "Please do not use numbers in the firstname"
          },
          "LastName": {
            "NotNull": "Please fill the lastname",
            "MinimumLength": "Please enter minimum 3 character for lastname",
            "MaximumLength": "Please enter maximum 50 character for lastname",
            "NotUseNumbers": "Please do not use numbers in the lastname"
          },
          "Email": {
            "NotNull": "Please fill the e-mail",
            "MaximumLength": "Please enter maximum 150 character for e-mail",
            "NotValid": "Please enter a valid e-mail",
            "NotUnique": "Please choose a unique e-mail"
          },
          "PhoneNumber": {
            "NotNull": "Please fill the phone number",
            "NotValid": "Please enter a valid phone number",
            "NotUseLetters": "Please do not use letters in the phone number"
          },
          "UserName": {
            "NotNull": "Please fill the username",
            "MinimumLength": "Please enter minimum 3 character for username",
            "MaximumLength": "Please enter maximum 50 character for username",
            "NotUseSpaces": "Please do not use spaces for username",
            "NotUseTurkishCharacters": "Please do not use turkish characters for username",
            "NotUseUpperLetters": "Please do not use upper letters for username",
            "NotUseNumbers": "Please do not use numbers in the username",
            "NotUnique": "Please choose a unique username"
          },
          "IdentityNumber": {
            "NotNull": "Lütfen T.C. kimlik no alanını boş bırakmayınız",
            "NotExactNumberCount": "Lütfen T.C. kimlik no alanı için 11 rakam giriniz",
            "NotUseLetters": "Lütfen T.C. kimlik no alanı için harf kullanmayınız"
          },
          "CountyId": {
            "GreaterThanZero": "Şehir id değeri 0'dan büyük olmalıdır"
          },
          "FullAddress": {
            "NotNull": "Lütfen tam adres alanını boş bırakmayınız",
            "MinimumLength": "Lütfen tam adres için minimum 50 karakter giriniz",
            "MaximumLength": "Lütfen tam adres için maksimum 500 karakter giriniz"
          },
          "Password": {
            "NotNull": "Lütfen şifre alanını boş bırakmayınız",
            "MinimumLength": "Lütfen şifre alanı için minimum 1 karakter giriniz",
            "MaximumLength": "Lütfen şifre alanı için maksimum 5 karakter giriniz"
          }
        },
        "Others": {
          "CouldNotCreated": "Hasta kullanıcı oluşturulamadı",
          "CouldNotFound": "Hasta kullanıcı bulunamadı",
          "RoleCouldNotAdded": "Rol kullanıcıya eklenemedi",
          "SuccessfullyCreated": "Hasta başarılı bir şekilde oluşturuldu"
        }
      },
      "GetAllPatientsByDoctorId": {
        "Others": {
          "CouldNotFound": "Doktor kullanıcısı bulunamadı"
        }
      },
      "GetPatientById": {
        "Others": {
          "CouldNotFound": "Hasta kullanıcısı bulunamadı"
        }
      },
      "GetPatientProfileById": {
        "Others": {
          "CouldNotFound": "Hasta kullanıcı bulunamadı",
          "ProfilePhotoCouldNotFound": "Hasta profil fotoğrafı bulunamadı"
        }
      },
      "UpdatePatient": {
        "ValidationMessages": {
          "FirstName": {
            "NotNull": "Please fill the firstname",
            "MinimumLength": "Please enter minimum 3 character for firstname",
            "MaximumLength": "Please enter maximum 50 character for firstname",
            "NotUseNumbers": "Please do not use numbers in the firstname"
          },
          "LastName": {
            "NotNull": "Please fill the lastname",
            "MinimumLength": "Please enter minimum 3 character for lastname",
            "MaximumLength": "Please enter maximum 50 character for lastname",
            "NotUseNumbers": "Please do not use numbers in the lastname"
          },
          "Email": {
            "NotNull": "Please fill the e-mail",
            "MaximumLength": "Please enter maximum 150 character for e-mail",
            "NotValid": "Please enter a valid e-mail",
            "NotUnique": "Please choose a unique e-mail"
          },
          "PhoneNumber": {
            "NotNull": "Please fill the phone number",
            "NotValid": "Please enter a valid phone number",
            "NotUseLetters": "Please do not use letters in the phone number"
          },
          "UserName": {
            "NotNull": "Please fill the username",
            "MinimumLength": "Please enter minimum 3 character for username",
            "MaximumLength": "Please enter maximum 50 character for username",
            "NotUseSpaces": "Please do not use spaces for username",
            "NotUseTurkishCharacters": "Please do not use turkish characters for username",
            "NotUseUpperLetters": "Please do not use upper letters for username",
            "NotUseNumbers": "Please do not use numbers in the username",
            "NotUnique": "Please choose a unique username"
          },
          "IdentityNumber": {
            "NotNull": "Lütfen T.C. kimlik no alanını boş bırakmayınız",
            "NotExactNumberCount": "Lütfen T.C. kimlik no alanı için 11 rakam giriniz",
            "NotUseLetters": "Lütfen T.C. kimlik no alanı için harf kullanmayınız"
          },
          "CountyId": {
            "GreaterThanZero": "Şehir id değeri 0'dan büyük olmalıdır"
          },
          "FullAddress": {
            "NotNull": "Lütfen tam adres alanını boş bırakmayınız",
            "MinLength": "Lütfen tam adres için minimum 50 karakter giriniz",
            "MaxLength": "Lütfen tam adres için maksimum 500 karakter giriniz"
          }
        },
        "Others": {
          "UserCouldNotFound": "Kullanıcı bulunamadı",
          "CouldNotUpdated": "Hasta kullanıcı güncellenemedi",
          "PatientCouldNotFound": "Hasta kullanıcı bulunamadı",
          "SuccessfullyUpdated": "Hasta başarılı bir şekilde güncellendi"
        }
      },
      "UpdatePatientProfileById": {
        "ValidationMessages": {
          "FirstName": {
            "NotNull": "Please fill the firstname",
            "MinimumLength": "Please enter minimum 3 character for firstname",
            "MaximumLength": "Please enter maximum 50 character for firstname",
            "NotUseNumbers": "Please do not use numbers in the firstname"
          },
          "LastName": {
            "NotNull": "Please fill the lastname",
            "MinimumLength": "Please enter minimum 3 character for lastname",
            "MaximumLength": "Please enter maximum 50 character for lastname",
            "NotUseNumbers": "Please do not use numbers in the lastname"
          },
          "PhoneNumber": {
            "NotNull": "Please fill the phone number",
            "NotValid": "Please enter a valid phone number",
            "NotUseLetters": "Please do not use letters in the phone number"
          },
          "IdentityNumber": {
            "NotNull": "Lütfen T.C. kimlik no alanını boş bırakmayınız",
            "NotExactNumberCount": "Lütfen T.C. kimlik no alanı için 11 rakam giriniz",
            "NotUseLetters": "Lütfen T.C. kimlik no alanı için harf kullanmayınız"
          },
          "CountyId": {
            "GreaterThanZero": "Şehir id değeri 0'dan büyük olmalıdır"
          },
          "FullAddress": {
            "NotNull": "Lütfen tam adres alanını boş bırakmayınız",
            "MinimumLength": "Lütfen tam adres için minimum 50 karakter giriniz",
            "MaximumLength": "Lütfen tam adres için maksimum 500 karakter giriniz"
          }
        },
        "Others": {
          "CouldNotFound": "Hasta kullanıcı bulunamadı",
          "SuccessfullyUpdated": "Hasta başarılı bir şekilde güncellendi"
        }
      }
    },
    "Users": {
      "DeleteUserById": {
        "Others": {
          "CouldNotFound": "Kullanıcı bulunamadı",
          "CouldNotDeleted": "Kullanıcı silinemedi",
          "SuccessfullyDeleted": "Kullanıcı başarılı bir şekilde silindi"
        }
      }
    }
  },
  "ErrorsCodes": {
    "400": "Sunucu, bir istemci hatası olarak algılanan bir nedenle isteği işleyemiyor veya işlemeyi reddediyor.",
    "401": "İstemcinin istenen yanıtı almak için kimlik doğrulaması yapması gerekmektedir.",
    "403": "İstemcinin içeriğe erişim hakları yoktur; yani yetkisizdir, bu nedenle sunucu istenen kaynağı vermeyi reddediyor.",
    "500": "Sunucu, nasıl işleneceğini bilmediği bir durumla karşılaştı.",
    "Unknown": "Beklenmedik bir hata oluştu."
  }
}